Component,Source File,Primary Types/Classes,Key Methods/Functions,Static Members / Globals,Example Callers (file::function)
CSparkUfsPdtDlg,SparkUfsPdt/SparkUfsPdtDlg.h,CSparkUfsPdtDlg,RunPdtTask,ConnectFactorySerial,RefreshFactoryComList,m_factorySerial (CSerialPort member),s_pool (static ThreadPool ptr),RunPdtTaskImpl.cpp::RunFtTaskImpl, SparkUfsPdtDlg.cpp::OnCbnSelchangeCbComSel
CImpState,SparkUfsPdt/CImpState.h,CImpState,PowerOffStage,RebootStage,CardInitStage,ForceRomStage,UpiuForceRomStage,VccOffForceRomStage,MpStartStage,Write1024KIspMpStage,MpExitStage,SetSnStage,SetMdtStage,VerifyIspStage,WriteSramStage,Verify*Stage,SetSnData,SetMdtData,GetIspMark,UpdateIspMark,s_ispMark (static char[16]),s_ispMarkValid,s_ispMarkMutex,RunPdtTaskImpl.cpp::RunFtTaskImpl calls CImpState::RebootStage etc.; CImpState.cpp::VerifyIspStage calls GetIspMark and CSparkSm3350Util::UfsCheckIsp
CSparkSm3350Util,UFS_LIB/libsparkusb/libsparkusb.h,CSparkSm3350Util,EnumSm3350,DeviceSelect,UfsMpStartMode,UfsWrite1024KIspMp,UfsCardInit,UfsCheckIsp,UfsReadCidInfo,UfsPowerOn/UfsPowerOff,m_sm3350Vcmds (CSm3350Vcmds member),static instances array inside getInstance(),CImpState.cpp::multiple stages call CSparkSm3350Util::getInstance(...).Ufs* methods
CSm3350Vcmds,UFS_LIB/libsparkusb/libsm3350.h,CSm3350Vcmds,UfsWriteBufferUpiu,UfsReadBufferUpiu,UfsWrite1024KIspMp,UfsMpStartMode,UfsCardInit,UfsPowerOn/UfsPowerOff,UfsWriteSramMp,UfsReadCid (low-level VCMD wrappers),uses CScsiDriveCmds internally,CSparkSm3350Util (m_sm3350Vcmds) calls into CSm3350Vcmds
CSerialPort,SparkUfsPdt/CSerialPort.h,CSerialPort,Open,Close,WriteData,EnumDetailSerialPorts,ReadThreadProc,FactoryCmdParser,m_pSerial (serial::Serial*),m_readThread,m_SerialCmdList,SparkUfsPdtDlg.cpp::ConnectFactorySerial calls m_factorySerial.Open; SparkUfsPdtDlg.cpp::RefreshFactoryComList calls m_factorySerial.EnumDetailSerialPorts
CPubFunc,SparkUfsPdt/PubFunc.h,CPubFunc,HexToBytes,HexStringToUInt,CharToWChar,WCharToChar,AcquireAndAdvanceSerialNumber (note: FT3 mode constraint in project copilot-instructions),Utilities used across project,CImpState.cpp::SetMdtData uses CPubFunc::HexToBytes; CImpState::GetQCIspString uses CPubFunc::HexToBytes
SparkLog,SparkLog/SparkLog.h,pdt_log_config_t,SparkLog_EnqueuePdtLog,SparkLog_Append,global logging functions,SparkUfsPdt/RunPdtTaskImpl.cpp calls SparkLog_EnqueuePdtLog at end of run
ThreadPool,ThreadPool/ThreadPool.h,ThreadPool,enqueue,WorkerProc,s_pool static in CSparkUfsPdtDlg,CSparkUfsPdtDlg uses s_pool to schedule worker tasks
StateImp,SparkUfsPdt/StateImp.h,SERVICE/StateImp wrappers,Stage implementations (platform-specific),Used by both SparkUfsPdt and UFS_LIB; multiple references in code base
Utilities & structs,UFS_LIB/libsparkusb/libsparkusb.h,U_MIX,ST_DEVICE_INFO,pdt_log_config_t,global typedefs and macros,SECTOR2BYTE/BYTE2SECTOR macros,Used widely across lib and app
Files with mixed responsibilities (candidates for refactor),Various (CImpState.cpp, CSerialPort.cpp, SparkUfsPdtDlg.cpp),Multiple functions mixing UI/device/format logic (e.g., CImpState uses pDlg to read settings and calls device APIs),Static globals and char*/PCHAR buffers lead to brittle code,Many callers across project (see per-class rows)

# Notes
# - 行中 Example Callers 只列出典型/关键调用点，完整调用矩阵可按需再生成（可输出 CSV: caller,callee,location）。
# - 上述表格覆盖主要类和模块；若需逐函数级别完整矩阵我可以在仓库中生成 caller-callee CSV（可能需要一点时间）。
